asin,product_name,posted_at,wp_post_id,wp_post_url
B01ECEG8I4,Dash Rapid Egg Cooker,2026-05-31 22:34:17,25,https://kitchen.saisaido.com/?p=25
B0813YQGDY,Fullstar Vegetable Chopper,2026-05-31 22:35:05,26,https://kitchen.saisaido.com/?p=26
B00004OCIP,OXO Good Grips 3-in-1 Avocado Slicer,2026-06-01 22:19:57,27,https://kitchen.saisaido.com/?p=27
B00004OCJZ,OXO Good Grips Garlic Press,2026-06-02 00:03:00,28,https://kitchen.saisaido.com/?p=28
B07K64FSTH,Zulay Kitchen Powerful Milk Frother,2026-06-02 00:05:16,29,https://kitchen.saisaido.com/?p=29
B07V2CHSVH,Kizen Digital Meat Thermometer,2026-06-02 00:15:18,30,https://kitchen.saisaido.com/?p=30
B01N22Q5EE,Spiralizer 5-Blade Vegetable Slicer,2026-06-02 00:15:59,31,https://kitchen.saisaido.com/?p=31
B08QXB9BH5,Ninja NC301 CREAMi Ice Cream Maker,2026-06-03 14:31:50,62,https://kitchen.saisaido.com/2026/06/03/why-the-ninja-nc301-creami-ice-cream-maker-is-taking-over-pinterest/
B07FVQLBL3,Kitchen Mama Electric Can Opener,2026-06-03 14:34:31,63,https://kitchen.saisaido.com/2026/06/03/i-threw-away-my-old-can-opener-for-this-30-pinterest-sensation-and-my-wrists-have-never-been-happier/
B0796N2GN4,Nextrend Garlic Twister 4th Generation,2026-06-03 15:21:21,64,https://kitchen.saisaido.com/2026/06/03/i-threw-away-my-traditional-squeezer-for-this-20-garlic-hack-and-my-kitchen-life-is-changed/
B09D8T11YS,Zulay Kitchen Powerful Milk Frother Handheld Foam Maker,2026-06-03 15:22:38,65,https://kitchen.saisaido.com/2026/06/03/i-stopped-spending-7-at-starbucks-every-morning-thanks-to-this-15-amazon-find/
B07XDN8T5K,Electric Jar Opener for Weak Hands,2026-06-04 07:01:00,69,https://kitchen.saisaido.com/2026/06/03/my-hands-were-screaming-until-i-found-this-genius-20-kitchen-savior/
B09M8H44NZ,Mini Bag Sealer Handheld Heat Sealer,2026-06-04 20:29:39,70,https://kitchen.saisaido.com/2026/06/04/the-genius-15-kitchen-gadget-that-stopped-my-pantry-chaos-instantly-and-saved-me-100s-on-groceries/
B08924CR8C,Herb Scissors 5-Blade with Cover,2026-06-05 01:13:22,71,https://kitchen.saisaido.com/2026/06/04/why-everyone-on-pinterest-is-obsessed-with-this-15-kitchen-hack-it-saves-so-much-time/
B07WBXRBMN,Fullstar Vegetable Chopper - Spiralizer Vegetable Slicer - Onion Chopper with Container,2026-06-05 07:00:54,75,https://kitchen.saisaido.com/2026/06/04/i-tried-the-viral-pinterest-vegetable-chopper-spiralizer-and-it-completely-saved-my-meal-prep-sanity/
B01MZ14LJV,Kitchen Gizmo Snap N Strain Strainer,2026-06-05 22:01:41,77,https://kitchen.saisaido.com/2026/06/05/why-everyone-on-pinterest-is-obsessed-with-this-genius-15-kitchen-hack/
B0113UZJE2,Etekcity Food Kitchen Scale,2026-06-06 07:00:53,79,https://kitchen.saisaido.com/2026/06/05/the-one-15-kitchen-gadget-that-completely-changed-how-i-bake-and-cook/
B0B9CZ6XBQ,Ninja CREAMi Deluxe 11-in-1 Ice Cream Maker,2026-06-07 07:00:51,106,https://kitchen.saisaido.com/2026/06/06/why-pinterest-is-obsessed-with-this-genius-ice-cream-maker-and-why-its-worth-every-penny/
B0CJF94M8J,TrendPlain 16oz Glass Olive Oil Sprayer,2026-06-07 09:24:20,108,https://kitchen.saisaido.com/2026/06/06/i-threw-out-my-aerosol-cooking-sprays-for-this-aesthetic-kitchen-game-changer-and-my-air-fryer-has-never-been-happier/
B07P6G5L35,Geedel Rotary Cheese Grater,2026-06-08 07:01:05,110,https://kitchen.saisaido.com/2026/06/07/the-25-amazon-kitchen-gadget-that-saved-my-dinner-prep-and-my-knuckles/
B0764HS4SL,Fullstar Vegetable Chopper,2026-06-09 07:00:48,113,https://kitchen.saisaido.com/2026/06/08/why-everyone-on-pinterest-is-obsessed-with-this-genius-25-kitchen-hack/
B0168CNYRE,Dash Rapid Egg Cooker,2026-06-10 07:00:52,115,https://kitchen.saisaido.com/2026/06/09/i-tried-the-20-amazon-kitchen-gadget-that-has-pinterest-obsessed-and-it-completely-saved-my-mornings/
B0859NBHNK,Savoychef Sandwich Cutter and Sealer,2026-06-11 07:00:50,117,https://kitchen.saisaido.com/2026/06/10/why-pinterest-is-obsessed-with-this-15-amazon-kitchen-gadget-its-a-total-morning-game-changer/
B0CNK9CMQ8,TrendPlain Glass Olive Oil Sprayer,2026-06-12 07:00:46,119,https://kitchen.saisaido.com/2026/06/11/why-pinterest-is-obsessed-with-this-aesthetic-15-kitchen-gadget-it-completely-saved-my-air-fryer/
B07XZYXYK9,DASH Safe Slice Mandoline Slicer,2026-06-13 07:00:47,121,https://kitchen.saisaido.com/2026/06/12/ill-never-use-a-normal-slicer-again-why-this-genius-safe-mandoline-slicer-is-going-viral/
B018W9JII0,Kitchen Gizmo Snap N' Strain Clip-On Strainer,2026-06-14 07:00:45,123,https://kitchen.saisaido.com/2026/06/13/i-threw-away-my-bulky-colander-for-this-genius-15-kitchen-gadget-and-im-never-looking-back/
B0D461MCMG,Zulay Kitchen Rotary Cheese Grater 5 Blade Cheese Shredder Manual,2026-06-15 07:00:58,125,https://kitchen.saisaido.com/2026/06/14/i-threw-away-my-old-box-grater-for-this-25-kitchen-miracle-and-my-knuckles-have-never-been-happier/
B096LQZ99N,Cambom Rotary Cheese Grater,2026-06-16 07:00:58,127,https://kitchen.saisaido.com/2026/06/15/i-threw-away-my-box-grater-for-this-20-amazon-find-and-my-wrists-have-never-been-happier/
B0C3J421WK,Zulay Kitchen Rotary Cheese Grater,2026-06-17 07:01:05,129,https://kitchen.saisaido.com/2026/06/16/i-threw-out-my-old-metal-grater-for-this-20-pinterest-viral-kitchen-hack-and-my-knuckles-have-never-been-happier/
B0BDDX27WT,LOVE MOMENT Electric Mason Jar Vacuum Sealer Kit,2026-06-18 07:01:25,130,https://kitchen.saisaido.com/2026/06/17/the-secret-30-amazon-kitchen-hack-that-keeps-my-produce-fresh-for-weeks-seriously/
B07VG4S38C,Fullstar All-in-1 Vegetable Chopper and Slicer,2026-06-18 14:49:45,0,https://kitchen.saisaido.com/dp/B07VG4S38C/
B01N4MR9M5,Angry Mama Microwave Steam Cleaner,2026-06-18 14:52:52,0,https://kitchen.saisaido.com/dp/B01N4MR9M5/
B010TCP3SC,Dash Mini Waffle Maker,2026-06-19 07:02:02,0,https://kitchen.saisaido.com/dp/B010TCP3SC/
B092PS38N3,Spring Chef Premium Swivel Vegetable Peeler,2026-06-20 07:00:51,0,https://kitchen.saisaido.com/dp/B092PS38N3/
B0B2K47S1T,CAROTE Detachable Handle Cookware Set,2026-06-20 19:37:12,0,https://kitchen.saisaido.com/dp/B0B2K47S1T/
B07DJ53GZQ,Spring Chef Magnetic Measuring Spoons Set,2026-06-21 07:58:55,0,https://kitchen.saisaido.com/dp/B07DJ53GZQ/
B07H8WTFHW,MEATER Plus Smart Wireless Meat Thermometer,2026-06-21 08:05:00,0,https://kitchen.saisaido.com/dp/B07H8WTFHW/
B087RQCQQZ,Blue Ginkgo Over the Sink Colander Strainer Basket,2026-06-21 09:44:02,0,https://kitchen.saisaido.com/dp/B087RQCQQZ/
B0D41GF9CT,CAROTE Nonstick Pots and Pans Set with Detachable Handle,2026-06-22 23:40:01,0,https://kitchen.saisaido.com/dp/B0D41GF9CT/
B08FLKHG8J,iBayam Kitchen Scissors All Purpose Heavy Duty 2-Pack,2026-06-23 07:00:48,0,https://kitchen.saisaido.com/dp/B08FLKHG8J/
B0088LR592,OXO Good Grips 3-in-1 Avocado Slicer,2026-06-24 07:00:50,0,https://kitchen.saisaido.com/dp/B0088LR592/
B0DBQ57NN8,Beiyunee 10-Inch Chicken Shredder Tool Twist with Visible Lid,2026-06-25 07:00:44,0,https://kitchen.saisaido.com/dp/B0DBQ57NN8/
B00ERE2RLK,Prepara Herb Saver Best Keeper for Freshest Produce,2026-06-26 07:01:14,0,https://kitchen.saisaido.com/dp/B00ERE2RLK/
B07XZYV3WJ,DASH Safe Slice Mandoline Slicer,2026-06-27 07:00:52,0,https://kitchen.saisaido.com/dp/B07XZYV3WJ/
