asin,product_name,keyword,price_range
B08QXB9BH5,Ninja NC301 CREAMi Ice Cream Maker,ice cream maker,$150-$230
B07FVQLBL3,Kitchen Mama Electric Can Opener,electric can opener,$25-$35
B0796N2GN4,Nextrend Garlic Twister 4th Generation,garlic press twister,$15-$25
B09D8T11YS,Zulay Kitchen Powerful Milk Frother Handheld Foam Maker,milk frother handheld,$8-$15
B01ECEG8I4,Dash Rapid Egg Cooker,rapid egg cooker electric,$15-$25
B0813YQGDY,Fullstar Vegetable Chopper,vegetable chopper spiralizer,$25-$35
B00004OCIP,OXO Good Grips 3-in-1 Avocado Slicer,avocado slicer tool,$10-$15
B00004OCJZ,OXO Good Grips Garlic Press,best garlic press,$15-$25
B07K64FSTH,Zulay Kitchen Powerful Milk Frother,handheld milk frother,$10-$15
B07V2CHSVH,Kizen Digital Meat Thermometer,instant read meat thermometer,$15-$20
B01N22Q5EE,Spiralizer 5-Blade Vegetable Slicer,vegetable spiralizer zoodle maker,$20-$30
B07XDN8T5K,Electric Jar Opener for Weak Hands,automatic jar opener,$20-$30
B09M8H44NZ,Mini Bag Sealer Handheld Heat Sealer,portable bag sealer plastic sealer,$10-$15
B08924CR8C,Herb Scissors 5-Blade with Cover,herb cutter shears,$10-$15
B07WBXRBMN,Fullstar Vegetable Chopper - Spiralizer Vegetable Slicer - Onion Chopper with Container,vegetable chopper spiralizer,$20-$30
B01MZ14LJV,Kitchen Gizmo Snap N Strain Strainer,clip strainer colander,$10-$18
B0113UZJE2,Etekcity Food Kitchen Scale,digital food scale,$10-$15
B0B9CZ6XBQ,Ninja CREAMi Deluxe 11-in-1 Ice Cream Maker,ice cream maker,$220-$250
B0CJF94M8J,TrendPlain 16oz Glass Olive Oil Sprayer,olive oil sprayer dispenser,$10-$20
B07P6G5L35,Geedel Rotary Cheese Grater,rotary cheese grater,$25-$35
B0764HS4SL,Fullstar Vegetable Chopper,vegetable chopper spiralizer,$25-$35
B074ZL35DH,Zulay Original Milk Frother Handheld Foam Maker,milk frother handheld,$10-$15
B0168CNYRE,Dash Rapid Egg Cooker,electric egg cooker,$15-$25
B0859NBHNK,Savoychef Sandwich Cutter and Sealer,sandwich cutter sealer,$10-$18
B07TFJ3RBT,Zulay Kitchen Milk Frother,milk frother handheld,$10-$15
B07896RK6Y,Cambom Rotary Cheese Grater,rotary cheese grater,$15-$25
B0CNK9CMQ8,TrendPlain Glass Olive Oil Sprayer,oil sprayer cooking,$8-$15
B082314NFL,Zulay Kitchen Handheld Milk Frother Wand,milk frother handheld,$5-$15
B07XZYXYK9,DASH Safe Slice Mandoline Slicer,mandoline slicer safe,$30-$45
B018W9JII0,Kitchen Gizmo Snap N' Strain Clip-On Strainer,clip-on strainer pot colander,$13-$17
B0D461MCMG,Zulay Kitchen Rotary Cheese Grater 5 Blade Cheese Shredder Manual,rotary cheese grater hand crank shredder,$20-$30
B096LQZ99N,Cambom Rotary Cheese Grater,rotary cheese grater shredder,$15-$25
B0C3J421WK,Zulay Kitchen Rotary Cheese Grater,rotary cheese grater mandoline slicer,$15-$25
B0BDDX27WT,LOVE MOMENT Electric Mason Jar Vacuum Sealer Kit,electric mason jar vacuum sealer canning kit,$20-$30
B07VG4S38C,Fullstar All-in-1 Vegetable Chopper and Slicer,vegetable chopper slicer,$25-$35
B01N4MR9M5,Angry Mama Microwave Steam Cleaner,microwave steam cleaner,$5-$10
B010TCP3SC,Dash Mini Waffle Maker,waffle maker iron,$10-$15
B092PS38N3,Spring Chef Premium Swivel Vegetable Peeler,swivel vegetable peeler,$7-$11
B00DDXYC6O,Dash Rapid Egg Cooker,electric egg cooker,$15-$25
B0B2K47S1T,CAROTE Detachable Handle Cookware Set,detachable handle cookware,$50-$80
B07DJ53GZQ,Spring Chef Magnetic Measuring Spoons Set,magnetic measuring spoons,$10-$15
B0168CNYD8,DASH Rapid Egg Cooker: 6 Egg Capacity Electric Egg Cooker,electric egg cooker,$15-$20
B07H8WTFHW,MEATER Plus Smart Wireless Meat Thermometer,wireless meat thermometer,$70-$100
B087RQCQQZ,Blue Ginkgo Over the Sink Colander Strainer Basket,over sink colander extendable strainer wash basket,$15-$20
B0D41GF9CT,CAROTE Nonstick Pots and Pans Set with Detachable Handle,cookware set removable,$50-$70
B08FLKHG8J,iBayam Kitchen Scissors All Purpose Heavy Duty 2-Pack,heavy duty shears,$7-$10
B0B8SQKDCL,Fullstar Vegetable Chopper,vegetable chopper spiralizer,$25-$40
B0088LR592,OXO Good Grips 3-in-1 Avocado Slicer,avocado slicer tool pitter,$10-$15
B0DBQ57NN8,Beiyunee 10-Inch Chicken Shredder Tool Twist with Visible Lid,chicken shredder twist,$15-$25
B00ERE2RLK,Prepara Herb Saver Best Keeper for Freshest Produce,fresh herb keeper,$15-$25
B07XZYV3WJ,DASH Safe Slice Mandoline Slicer,mandoline slicer dicer,$30-$45
B09HQC1SJS,Kitchen Mama Electric Can Opener 2.0,electric can opener,$25-$35
B08ZYJ8CRX,Silonn Ice Maker Countertop,countertop ice maker,$70-$100
B01FYE2MPW,Dash Mini Waffle Maker,mini waffle maker,$10-$15
B075TM3GVX,Stasher Reusable Silicone Half Gallon Bag,reusable silicone bag,$15-$25
